input	transcript_id	gene_id	gene_name
ENSMUST00000189069.7	ENSMUST00000189069	ENSMUSG00000056673	Kdm5d
ENSMUST00000055032.14	ENSMUST00000055032	ENSMUSG00000056673	Kdm5d
ENSMUST00000188910.7	ENSMUST00000188910	ENSMUSG00000056673	Kdm5d
ENSMUST00000186696.7	ENSMUST00000186696	ENSMUSG00000056673	Kdm5d
ENSMUST00000186726.7	ENSMUST00000186726	ENSMUSG00000056673	Kdm5d
ENSMUST00000189626.7	ENSMUST00000189626	ENSMUSG00000056673	Kdm5d
ENSMUST00000185542.2	ENSMUST00000185542	ENSMUSG00000056673	Kdm5d
ENSMUST00000187296.2	ENSMUST00000187296	ENSMUSG00000056673	Kdm5d
ENSMUST00000189955.2	ENSMUST00000189955	ENSMUSG00000056673	Kdm5d
ENSMUST00000091197.4	ENSMUST00000091197	ENSMUSG00000069049	Eif2s3y
ENSMUST00000137006.8	ENSMUST00000137006	ENSMUSG00000069049	Eif2s3y
ENSMUST00000148961.8	ENSMUST00000148961	ENSMUSG00000069049	Eif2s3y
ENSMUST00000154556.8	ENSMUST00000154556	ENSMUSG00000069049	Eif2s3y
ENSMUST00000139083.2	ENSMUST00000139083	ENSMUSG00000069049	Eif2s3y
ENSMUST00000134820.2	ENSMUST00000134820	ENSMUSG00000069049	Eif2s3y
ENSMUST00000143286.8	ENSMUST00000143286	ENSMUSG00000068457	Uty
ENSMUST00000154666.8	ENSMUST00000154666	ENSMUSG00000068457	Uty
ENSMUST00000069309.14	ENSMUST00000069309	ENSMUSG00000068457	Uty
ENSMUST00000139365.8	ENSMUST00000139365	ENSMUSG00000068457	Uty
ENSMUST00000154004.8	ENSMUST00000154004	ENSMUSG00000068457	Uty
ENSMUST00000185837.2	ENSMUST00000185837	ENSMUSG00000068457	Uty
ENSMUST00000143958.8	ENSMUST00000143958	ENSMUSG00000068457	Uty
ENSMUST00000137048.8	ENSMUST00000137048	ENSMUSG00000068457	Uty
ENSMUST00000133976.2	ENSMUST00000133976	ENSMUSG00000068457	Uty
ENSMUST00000157073.8	ENSMUST00000157073	ENSMUSG00000068457	Uty
ENSMUST00000150715.2	ENSMUST00000150715	ENSMUSG00000068457	Uty
ENSMUST00000154527.2	ENSMUST00000154527	ENSMUSG00000068457	Uty
ENSMUST00000091190.12	ENSMUST00000091190	ENSMUSG00000069045	Ddx3y
ENSMUST00000188182.7	ENSMUST00000188182	ENSMUSG00000069045	Ddx3y
ENSMUST00000188484.2	ENSMUST00000188484	ENSMUSG00000069045	Ddx3y
ENSMUST00000187596.2	ENSMUST00000187596	ENSMUSG00000069045	Ddx3y
ENSMUST00000112584.8	ENSMUST00000112584	ENSMUSG00000025332	Kdm5c
ENSMUST00000112588.9	ENSMUST00000112588	ENSMUSG00000025332	Kdm5c
ENSMUST00000154938.2	ENSMUST00000154938	ENSMUSG00000025332	Kdm5c
ENSMUST00000082177.13	ENSMUST00000082177	ENSMUSG00000025332	Kdm5c
ENSMUST00000156114.2	ENSMUST00000156114	ENSMUSG00000025332	Kdm5c
ENSMUST00000155793.2	ENSMUST00000155793	ENSMUSG00000025332	Kdm5c
ENSMUST00000050328.15	ENSMUST00000050328	ENSMUSG00000035150	Eif2s3x
ENSMUST00000113922.2	ENSMUST00000113922	ENSMUSG00000035150	Eif2s3x
ENSMUST00000127963.2	ENSMUST00000127963	ENSMUSG00000035150	Eif2s3x
ENSMUST00000000804.7	ENSMUST00000000804	ENSMUSG00000000787	Ddx3x
ENSMUST00000153851.8	ENSMUST00000153851	ENSMUSG00000000787	Ddx3x
ENSMUST00000153611.2	ENSMUST00000153611	ENSMUSG00000000787	Ddx3x
ENSMUST00000123096.8	ENSMUST00000123096	ENSMUSG00000000787	Ddx3x
ENSMUST00000149639.2	ENSMUST00000149639	ENSMUSG00000000787	Ddx3x
ENSMUST00000044484.13	ENSMUST00000044484	ENSMUSG00000037369	Kdm6a
ENSMUST00000052368.9	ENSMUST00000052368	ENSMUSG00000037369	Kdm6a
ENSMUST00000225738.2	ENSMUST00000225738	ENSMUSG00000037369	Kdm6a
ENSMUST00000223885.2	ENSMUST00000223885	ENSMUSG00000037369	Kdm6a
ENSMUST00000130978.2	ENSMUST00000130978	ENSMUSG00000037369	Kdm6a
ENSMUST00000224255.2	ENSMUST00000224255	ENSMUSG00000037369	Kdm6a
ENSMUST00000224084.2	ENSMUST00000224084	ENSMUSG00000037369	Kdm6a
ENSMUST00000225336.2	ENSMUST00000225336	ENSMUSG00000037369	Kdm6a
ENSMUST00000226046.2	ENSMUST00000226046	ENSMUSG00000037369	Kdm6a
ENSMUST00000155161.2	ENSMUST00000155161	ENSMUSG00000037369	Kdm6a
