scientific_name	y_gene_id	y_gene_name	x_gene_id	x_gene_name	y_tier
Homo sapiens	ENSG00000129824	RPS4Y1	ENSG00000198034	RPS4X	core
Homo sapiens	ENSG00000067048	DDX3Y	ENSG00000215301	DDX3X	core
Homo sapiens	ENSG00000198692	EIF1AY	ENSG00000173674	EIF1AX	core
Homo sapiens	ENSG00000012817	KDM5D	ENSG00000126012	KDM5C	core
Homo sapiens	ENSG00000183878	UTY	ENSG00000147050	KDM6A	core
Homo sapiens	ENSG00000067646	ZFY	ENSG00000005889	ZFX	core
Homo sapiens	ENSG00000114374	USP9Y	ENSG00000124486	USP9X	secondary
Mus musculus	ENSMUSG00000069045	Ddx3y	ENSMUSG00000000787	Ddx3x	core
Mus musculus	ENSMUSG00000069049	Eif2s3y	ENSMUSG00000035150	Eif2s3x	core
Mus musculus	ENSMUSG00000056673	Kdm5d	ENSMUSG00000025332	Kdm5c	core
Mus musculus	ENSMUSG00000068457	Uty	ENSMUSG00000037369	Kdm6a	core
Mus musculus	ENSMUSG00000069044	Usp9y	ENSMUSG00000031010	Usp9x	secondary
Mus musculus	ENSMUSG00000053211	Zfy1	ENSMUSG00000079509	Zfx	secondary
Mus musculus	ENSMUSG00000000103	Zfy2	ENSMUSG00000079509	Zfx	secondary
