scientific_name	common_name	taxid	system	heterogametic	inactivation_marker	id_prefix	status	notes
Homo sapiens	human	9606	XY	male	XIST	ENSG	validated	Panel has 7 core/secondary Y markers (RPS4Y1 DDX3Y EIF1AY KDM5D UTY ZFY USP9Y) plus XIST at core tier. XIST is positive inactive-X evidence only - XIST-negative is not male evidence (XCI erosion in hESC/hiPSC, XIST loss in tumours), and Y-low XIST-negative blood may be loss-of-Y rather than female.
Mus musculus	house mouse	10090	XY	male	Xist	ENSMUSG	validated	Panel has 8 core/secondary Y markers (Ddx3y Eif2s3y Kdm5d Uty Usp9y Uba1y Zfy1 Zfy2) plus Xist at core tier. Mouse has no useful Rps4y1 or Eif1ay orthologue, so do not port the human panel by symbol.
Bos taurus	cattle	9913	XY	male	ENSBTAG00000070614	ENSBTAG	experimental	4 core/secondary Y markers (EIF1AY DDX3Y ZFY USP9Y) plus an UNNAMED X-linked lncRNA at ENSBTAG00000070614 recovered by coordinate overlap as the probable XIST orthologue - it has no gene symbol, so match it by gene_id. Freemartin heifers are blood chimeras with their male twin, so bovine blood can be Y-positive from an animal correctly recorded as female.
Callithrix jacchus	common marmoset	9483	XY	male	NA	ENSCJAG	experimental	Male-detector only: 7 core/secondary Y markers, no XIST orthologue in Ensembl 116. Marmosets are routinely haematopoietic chimeras with their dizygotic twin, so blood and marrow can genuinely carry both sexes.
Chlorocebus sabaeus	green monkey	60711	XY	male	NA	ENSCSAG	experimental	Male-detector only: 7 core/secondary Y markers recovered from a vestigial 18-gene Y, and no XIST orthologue in Ensembl 116; female verdicts unsupported. Vero cells derive from this species and are female with a heavily rearranged genome.
Drosophila melanogaster	fruit fly	7227	XY	male	FBgn0019661	FBgn	experimental	Somatic sex is the X:autosome ratio through Sxl, NOT the Y: XO flies are sterile males and XXY flies are female, so no Y marker reaches core or secondary tier and Y expression must not drive the verdict. There is no X inactivation - the single male X is UPREGULATED by the MSL complex. The three usable markers are male-specific with the OPPOSITE polarity to XIST: roX1 (FBgn0019661), roX2 (FBgn0019660) and Sxl (FBgn0264270). Ensembl spells the lncRNAs lncRNA:roX1 and lncRNA:roX2, so match by gene_id.
Felis catus	domestic cat	9685	XY	male	ENSFCTG00005010135	ENSFCTG	experimental	Female-detector only, the mirror image of the male-detector species: F.catus_Fca126_mat1.0 is a maternal haplotype assembly with no Y, so there are zero Y markers, but an UNNAMED X-linked lncRNA at ENSFCTG00005010135 gives positive inactive-X evidence. Male verdicts unsupported. ID prefix changed from ENSFCAG to ENSFCTG with this assembly - accept both.
Gallus gallus	chicken	9031	ZW	female	NA	ENSGALG	experimental	Female is the heterogametic sex, so W expression is FEMALE evidence and the mammalian polarity inverts. Exactly one W marker survives at secondary tier: ENSGALG00010011988, which Ensembl 116 names HINTLA1 - the classic names HINTW, ASW and Wpkci are synonyms only and will NOT match the panel, so match by gene_id. Z dosage compensation is incomplete and gene- and tissue-specific (male:female Z median around 1.4), so Z dosage supports but never decides.
Macaca mulatta	rhesus macaque	9544	XY	male	NA	ENSMMUG	experimental	Male-detector only: 7 core/secondary Y markers but no XIST orthologue annotated in Ensembl 116; female verdicts unsupported, absence of Y returns uncertain.
Ovis aries	sheep	9940	XY	male	NA	ENSOARG	experimental	Male-detector only: 4 core/secondary Y markers (UTY ZFY USP9Y DDX3Y), no XIST orthologue in Ensembl 116; female verdicts unsupported.
Pan troglodytes	chimpanzee	9598	XY	male	NA	ENSPTRG	experimental	Male-detector only: 7 core/secondary Y markers but no XIST orthologue annotated in Ensembl 116; female verdicts unsupported, absence of Y returns uncertain.
Papio anubis	olive baboon	9555	XY	male	NA	ENSPANG	experimental	Male-detector only: 6 core/secondary Y markers but no XIST orthologue annotated in Ensembl 116; female verdicts unsupported, absence of Y returns uncertain.
Rattus norvegicus	Norway rat	10116	XY	male	NA	ENSRNOG	experimental	Male-detector only: 7 core/secondary Y markers (Ddx3y Eif2s3y Kdm5d Uty Usp9y Uba1y Zfy1) but NO Xist orthologue annotated in Ensembl 116, so female verdicts are unsupported and a Y-negative sample must return uncertain.
Sus scrofa	pig	9823	XY	male	NA	ENSSSCG	experimental	Male-detector only, and a thin one: just 3 core/secondary Y markers (ZFY USP9Y KDM5D) survive filtering, and no XIST orthologue in Ensembl 116.
Aedes aegypti	yellow fever mosquito	7159	none	NA	NA	AAEL	unsupported	No heteromorphic sex chromosomes: sex is decided by the male-determining factor Nix inside a small M locus on chromosome 1, homomorphic with its m counterpart. Chromosome-level dosage carries no sex signal.
Anas platyrhynchos	mallard	8839	ZW	female	NA	ENSAPLG	unsupported	ZW with female heterogamety, but CAU_duck1.0 has Z and NO W chromosome, so the panel has zero W markers and only Z dosage remains. Ensembl models this as the subspecies Anas platyrhynchos platyrhynchos, taxid 8840.
Anolis carolinensis	green anole	28377	XY	male	NA	ENSACAG	unsupported	XY male heterogamety on a pair of microchromosomes that AnoCar2.0 does not assemble as X or Y; the X is largely unassigned scaffold sequence.
Anopheles gambiae	African malaria mosquito	7165	XY	male	NA	AGAP	unsupported	No panel built. Heteromorphic XY with male heterogamety, but AgamP4 has X and no Y chromosome. Sex determination runs through Yob on the Y and dsx splicing, neither captured by a chromosome-level panel.
Apis mellifera	honey bee	7460	none	NA	NA	NA	unsupported	Haplodiploid: males are haploid from unfertilised eggs and females diploid, decided by heterozygosity at the csd locus. No sex chromosomes exist; the signal is ploidy plus a genotype, neither visible in a normalised expression matrix.
Arabidopsis thaliana	thale cress	3702	none	NA	NA	AT1G	unsupported	Hermaphrodite flowers, no sex chromosomes. Full ID fingerprint is ^AT[1-5CM]G[0-9]{5}$; only AT1G is registered because a bare AT prefix collides with human symbols (ATM, ATF4, ATP5F1A). Plants are refused because we have no curated per-species model, not because plants lack sex chromosomes - Silene, Cannabis, Populus and Asparagus have real XY or ZW systems.
Bombyx mori	domestic silkworm	7091	ZW	female	NA	NA	unsupported	ZW with female heterogamety, but the determinant is the W-derived Fem piRNA silencing Z-linked Masc, with Bmdsx sex-specific splicing downstream - HINTW is avian and has no silkworm orthologue. A piRNA is not polyadenylated, so polyA mRNA-seq may not capture it; the 211 W rows in the panel are unnamed repeat-region genes at inventory tier. Ensembl Metazoa uses RefSeq LOC* gene IDs with no species-distinctive prefix.
Caenorhabditis elegans	roundworm	6239	XO	male	NA	WBGene	unsupported	No Y chromosome exists: XX are hermaphrodites, XO are males. Sex is set by the X:autosome ratio, but the dosage compensation complex then halves X transcription in XX, so X expression does NOT separate XX from XO in RNA. Standard selfing cultures are overwhelmingly XX, so bulk RNA measures culture composition rather than sex. The panel is 6022 X-inventory rows and nothing else.
Canis lupus familiaris	dog	9615	XY	male	NA	ENSCAFG	unsupported	ROS_Cfam_1.0 yields only 2 unnamed Y genes, neither reaching core or secondary tier, and no XIST orthologue in Ensembl 116; there is no usable evidence in either direction.
Capra hircus	goat	9925	XY	male	NA	ENSCHIG	unsupported	Panel build FAILED: sex chromosomes are not assembled to named sequences in Ensembl 116 ARS1, so no X or Y rows exist. A future Ensembl release with a chromosome-level goat assembly would pick this up.
Cavia porcellus	domestic guinea pig	10141	XY	male	NA	ENSCPOG	unsupported	Panel build FAILED: Cavpor3.0 is scaffold-level and sex chromosomes are not assembled to named sequences in Ensembl 116.
Coturnix japonica	Japanese quail	93934	ZW	female	NA	ENSCJPG	unsupported	ZW with female heterogamety, but Coturnix_japonica_2.0 yields only 5 W genes (AKAP8 AKAP8L WIZ and two unnamed), none reaching core or secondary tier and none W-specific in the HINTW sense; Z dosage alone is not decisive in birds.
Cricetulus griseus	Chinese hamster	10029	XY	male	NA	ENSCGRG	unsupported	The Ensembl 116 gene set yields X inventory only - no Y and no XIST orthologue. The chromosome-level CriGri-PICRH-1.0 assembly has an X but still no Y. CHO lines are female-derived and karyotypically unstable regardless.
Danio rerio	zebrafish	7955	none	NA	NA	ENSDARG	unsupported	Common laboratory strains (AB, TU) have lost the differentiated sex chromosome and determine sex polygenically with a strong environmental component; wild and natural strains DO carry WZ/ZZ sex linkage on chromosome 4. The correct statement is strain-dependent, not that zebrafish lack sex chromosomes - and a counts matrix does not reveal the strain.
Daphnia magna	water flea	35525	none	NA	NA	NA	unsupported	Environmental sex determination: males and females are genetically identical clones and sex is induced by photoperiod, crowding and juvenile hormone. There is no genetic sex to call, yet the archive labels 2501 Daphnia samples Male or Female.
Equus caballus	horse	9796	XY	male	NA	ENSECAG	unsupported	EquCab3.0 has X but no Y chromosome and no annotated XIST orthologue; the panel is X inventory only.
Escherichia coli	E. coli	562	none	NA	NA	NA	unsupported	Bacteria have no sex. F+/F- conjugative fertility is plasmid-borne gene transfer, not genetic sex, and is where the male/female language in the metadata comes from. Locus tags are b#### which is far too generic to register as a detection prefix.
Gasterosteus aculeatus	three-spined stickleback	69293	XY	male	NA	ENSGACG	unsupported	XY with a young, only partly degenerate Y that the reference does not assemble separately; sex-determination systems differ between Gasterosteus populations and sister species.
Gorilla gorilla	western gorilla	9593	XY	male	NA	ENSGGOG	unsupported	gorGor4 has X but no Y chromosome and no annotated XIST orthologue; the panel is X inventory only. Ensembl models this genome as the subspecies Gorilla gorilla gorilla, taxid 9595.
Heterocephalus glaber	naked mole-rat	10181	XY	male	NA	ENSHGLG	unsupported	Naked_mole-rat_maternal is a female assembly: X present, no Y, and no annotated XIST orthologue; the panel is X inventory only.
Macaca fascicularis	crab-eating macaque	9541	XY	male	NA	ENSMFAG	unsupported	Macaca_fascicularis_6.0 has X but no Y chromosome, so the panel has zero Y markers, and no XIST orthologue is annotated in Ensembl 116; no signal in either direction.
Meleagris gallopavo	turkey	9103	ZW	female	NA	ENSMGAG	unsupported	No panel built. ZW with female heterogamety, but Turkey_5.1 annotates only a handful of W genes. Turkeys also undergo spontaneous parthenogenesis, producing ZZ males from unfertilised eggs.
Mesocricetus auratus	golden hamster	10036	XY	male	NA	ENSMAUG	unsupported	Panel build FAILED: MesAur1.0 is scaffold-level and sex chromosomes are not assembled to named sequences in Ensembl 116.
Microtus ochrogaster	prairie vole	79684	XY	male	NA	ENSMOCG	unsupported	No panel built: MicOch1.0 has X but no Y chromosome. Several Microtus species have giant heterochromatic sex chromosomes and unusual XCI, so do not generalise across the genus.
Monodelphis domestica	gray short-tailed opossum	13616	XY	male	NA	ENSMODG	unsupported	Marsupial XCI is imprinted paternal-X silencing driven by the lncRNA RSX, and XIST does not exist in metatherians at all - but RSX is NOT in Ensembl 116, which still serves monDom5 (NCBI has RSX only on the newer mMonDom1.v assembly), and the opossum assembly has no Y. The panel is X inventory only, so marsupial support cannot work as specified.
Mustela putorius furo	domestic ferret	9669	XY	male	NA	ENSMPUG	unsupported	No panel built: MusPutFur1.0 is scaffold-level with no chromosome assignment.
Nothobranchius furzeri	turquoise killifish	105023	XY	male	NA	ENSNFUG	unsupported	XY with a young, near-homomorphic sex chromosome and a gdf6 Y ALLELE as determiner - the signal is allelic, not presence or absence of a gene, so an expression matrix cannot see it. Sex determination also varies between strains.
Oncorhynchus mykiss	rainbow trout	8022	XY	male	NA	ENSOMYG	unsupported	Male determination is sdY, mobile and absent from the reference annotation, as in Atlantic salmon. Farmed stocks are frequently all-female or sex-reversed neomales, so recorded sex and genetic sex legitimately differ.
Ornithorhynchus anatinus	platypus	9258	XY	male	NA	ENSOANG	unsupported	Monotreme five-pair X1Y1-X5Y5 translocation chain, bird-like at one end of the chain, no XIST, and partial gene-by-gene dosage compensation. Ensembl mOrnAna1.p.v1 carries X1-X5 and no Y. Not modelled.
Oryctolagus cuniculus	rabbit	9986	XY	male	NA	ENSOCUG	unsupported	OryCun2.0 has X but no Y chromosome and no annotated XIST orthologue; the panel is X inventory only.
Oryzias latipes	Japanese medaka	8090	XY	male	NA	ENSORLG	unsupported	Genuine XY with the male determiner dmrt1bY (DMY), a dmrt1 duplicate inside a small Y-specific region absent from the HdrR reference assembly. The rest of the Y is homomorphic with the X, so there is no panel and no dosage signal.
Pan paniscus	bonobo	9597	XY	male	NA	ENSPPAG	unsupported	No panel built: panpan1.1 has X but no Y chromosome and no annotated XIST orthologue.
Pongo abelii	Sumatran orangutan	9601	XY	male	NA	ENSPPYG	unsupported	No panel built: Susie_PABv2 has X but no Y chromosome and no annotated XIST orthologue.
Saccharomyces cerevisiae	brewer's yeast	4932	none	NA	NA	NA	unsupported	No sex chromosomes and no genetic sex. MATa/MATalpha mating type is a real and detectable feature at the MAT locus but it is not sex and is out of scope. Systematic gene IDs match ^Y[A-P][LR][0-9]{3}[WC] which is too generic to register as a detection prefix.
Salmo salar	Atlantic salmon	8030	XY	male	NA	ENSSSAG	unsupported	Male determination is sdY, a transposon-like mobile cassette that has jumped to different chromosomes in different populations and is absent from the reference annotation. Chromosome-level panels carry no sex signal in salmonids.
Schizosaccharomyces pombe	fission yeast	4896	none	NA	NA	NA	unsupported	No sex chromosomes and no genetic sex; h+/h- mating type at mat1 is not sex. Gene IDs match ^SP[ABC][CPRT][0-9]+ but a bare SP prefix collides with human symbols (SPTBN1, SPARC, SPACA1), so no prefix is registered and detection is name-based.
Taeniopygia guttata	zebra finch	59729	ZW	female	NA	ENSTGUG	unsupported	ZW with female heterogamety, but bTaeGut1_v1.p has Z and NO W chromosome, so the panel has zero W markers and only Z dosage remains, which in birds is incompletely compensated and not decisive. Zebra finch also carries a germline-restricted chromosome absent from somatic tissue.
Tursiops truncatus	common bottlenose dolphin	9739	XY	male	NA	ENSTTRG	unsupported	No panel built: turTru1 is scaffold-level with no chromosome assignment.
Xenopus laevis	African clawed frog	8355	ZW	female	NA	NA	unsupported	ZW with female heterogamety driven by the W-linked DM-W, a truncated dmrt1 paralogue. The genome is allotetraploid with L and S subgenomes, DM-W sits in a tiny W region, and gene IDs are in practice Xenbase XB-GENE-* or NCBI LOC* rather than an Ensembl prefix.
Xenopus tropicalis	tropical clawed frog	8364	none	NA	NA	ENSXETG	unsupported	Sex determination is polymorphic between lines, with W, Z and Y chromosomes segregating within the same species and no fixed heteromorphic pair; DM-W is absent. No panel is defensible.
